# Milky Way rotation curve supplied by the user on 2026-09-30 (37 radii, 6.27-27.31 kpc); the vcirc_kms grid of
# conf/simulator/stream_agama_spray_massloss_ibata_m200c_v4_prog2026_rc37.yaml (obs_r_grid: custom). Columns as supplied:
# R [kpc], V_c [km/s], two 1-sigma errors [km/s], N_star; sigma_used = their mean (the symmetric sigma the config uses).
R,V_c,e1_V_c,e2_V_c,N_star,sigma_used
6.27,231.07,1.28,1.00,764,1.140
6.78,230.93,0.97,0.97,676,0.970
7.28,232.87,1.13,0.79,812,0.960
7.86,234.14,0.63,0.62,1631,0.625
8.19,232.83,0.56,0.55,2270,0.555
8.71,231.27,0.54,0.66,1445,0.600
9.23,230.47,0.44,0.46,2179,0.450
9.72,229.16,0.54,0.43,2505,0.485
10.24,229.37,0.25,0.50,2560,0.375
10.74,227.95,0.53,0.34,2528,0.435
11.23,227.09,0.44,0.46,2692,0.450
11.73,227.15,0.35,0.45,2419,0.400
12.23,226.90,0.39,0.41,2285,0.400
12.73,225.61,0.64,0.53,1994,0.585
13.22,224.95,0.66,0.69,1665,0.675
13.72,222.79,0.68,0.53,1308,0.605
14.22,222.13,1.04,0.64,938,0.840
14.73,220.08,0.65,0.89,641,0.770
15.24,218.25,1.14,0.79,449,0.965
15.72,221.16,1.06,1.24,322,1.150
16.24,218.30,2.17,1.88,243,2.025
16.77,217.07,1.39,1.35,164,1.370
17.21,219.56,1.80,1.69,150,1.745
17.77,215.49,1.98,2.08,114,2.030
18.23,214.62,2.24,1.59,102,1.915
18.73,210.89,1.42,1.32,94,1.370
19.22,208.48,2.20,1.65,71,1.925
19.71,205.97,1.20,1.55,70,1.375
20.22,202.97,1.55,2.25,65,1.900
20.72,195.16,2.60,1.97,46,2.285
21.22,200.20,2.84,1.45,38,2.145
21.72,201.11,2.72,3.81,30,3.265
22.27,196.79,4.82,6.25,14,5.535
22.71,218.65,14.93,17.54,11,16.235
23.40,192.49,4.25,4.80,22,4.525
25.02,191.48,6.41,9.61,11,8.010
27.31,172.98,15.82,17.07,7,16.445
