# Milky Way CIRCULAR VELOCITY of Ou et al. 2024 (MNRAS 528, 693), the table supplied by the user on 2026-09-30 (37 radii,
# 6.27-27.31 kpc; not the 19-radius rotation curve of rotation_curve_custom_v4.csv). e_V_c = (sigma_minus + sigma_plus)/2.
# Columns: R [kpc], V_c [km/s], sigma_minus, sigma_plus, e_V_c [km/s], N_star.
R,V_c,sigma_minus,sigma_plus,e_V_c,N_star
6.27,231.07,1.28,1.00,1.140,764
6.78,230.93,0.97,0.97,0.970,676
7.28,232.87,1.13,0.79,0.960,812
7.86,234.14,0.63,0.62,0.625,1631
8.19,232.83,0.56,0.55,0.555,2270
8.71,231.27,0.54,0.66,0.600,1445
9.23,230.47,0.44,0.46,0.450,2179
9.72,229.16,0.54,0.43,0.485,2505
10.24,229.37,0.25,0.50,0.375,2560
10.74,227.95,0.53,0.34,0.435,2528
11.23,227.09,0.44,0.46,0.450,2692
11.73,227.15,0.35,0.45,0.400,2419
12.23,226.90,0.39,0.41,0.400,2285
12.73,225.61,0.64,0.53,0.585,1994
13.22,224.95,0.66,0.69,0.675,1665
13.72,222.79,0.68,0.53,0.605,1308
14.22,222.13,1.04,0.64,0.840,938
14.73,220.08,0.65,0.89,0.770,641
15.24,218.25,1.14,0.79,0.965,449
15.72,221.16,1.06,1.24,1.150,322
16.24,218.30,2.17,1.88,2.025,243
16.77,217.07,1.39,1.35,1.370,164
17.21,219.56,1.80,1.69,1.745,150
17.77,215.49,1.98,2.08,2.030,114
18.23,214.62,2.24,1.59,1.915,102
18.73,210.89,1.42,1.32,1.370,94
19.22,208.48,2.20,1.65,1.925,71
19.71,205.97,1.20,1.55,1.375,70
20.22,202.97,1.55,2.25,1.900,65
20.72,195.16,2.60,1.97,2.285,46
21.22,200.20,2.84,1.45,2.145,38
21.72,201.11,2.72,3.81,3.265,30
22.27,196.79,4.82,6.25,5.535,14
22.71,218.65,14.93,17.54,16.235,11
23.40,192.49,4.25,4.80,4.525,22
25.02,191.48,6.41,9.61,8.010,11
27.31,172.98,15.82,17.07,16.445,7
